-- ============================================
-- Dataset Université - Schéma et données
-- SQLite (better-sqlite3 in-memory)
-- ============================================

-- departements
CREATE TABLE departements (
    id INTEGER PRIMARY KEY,
    nom TEXT NOT NULL,
    responsable TEXT NOT NULL,
    batiment TEXT NOT NULL
);

INSERT INTO departements (id, nom, responsable, batiment) VALUES
(1, 'Informatique',   'Prof. Lefebvre',  'Bâtiment A'),
(2, 'Mathématiques',  'Prof. Garnier',   'Bâtiment B'),
(3, 'Physique',       'Prof. Morel',     'Bâtiment C'),
(4, 'Lettres',        'Prof. Rousseau',  'Bâtiment D'),
(5, 'Économie',       'Prof. Blanchard', 'Bâtiment E');

-- professeurs
CREATE TABLE professeurs (
    id INTEGER PRIMARY KEY,
    nom TEXT NOT NULL,
    prenom TEXT NOT NULL,
    email TEXT,
    departement_id INTEGER,
    grade TEXT NOT NULL,
    date_recrutement TEXT,
    FOREIGN KEY (departement_id) REFERENCES departements(id)
);

INSERT INTO professeurs (id, nom, prenom, email, departement_id, grade, date_recrutement) VALUES
(1,  'Lefebvre',   'Antoine',   'antoine.lefebvre@univ-lumiere.fr',   1, 'PU',        '2005-09-01'),
(2,  'Nguyen',     'Marie',     'marie.nguyen@univ-lumiere.fr',       1, 'MCF',       '2012-09-01'),
(3,  'Durand',     'Philippe',  'philippe.durand@univ-lumiere.fr',    1, 'MCF',       '2015-09-01'),
(4,  'Garnier',    'Isabelle',  'isabelle.garnier@univ-lumiere.fr',   2, 'PU',        '2003-09-01'),
(5,  'Petit',      'François',  'francois.petit@univ-lumiere.fr',     2, 'MCF',       '2014-09-01'),
(6,  'Morel',      'Catherine', 'catherine.morel@univ-lumiere.fr',    3, 'PU',        '2008-09-01'),
(7,  'Faure',      'Julien',    'julien.faure@univ-lumiere.fr',       3, 'MCF',       '2017-09-01'),
(8,  'Rousseau',   'Claire',    'claire.rousseau@univ-lumiere.fr',    4, 'PU',        '2006-09-01'),
(9,  'Lambert',    'Nicolas',   'nicolas.lambert@univ-lumiere.fr',    4, 'MCF',       '2018-09-01'),
(10, 'Blanchard',  'Sophie',    'sophie.blanchard@univ-lumiere.fr',   5, 'PU',        '2010-09-01'),
(11, 'Chevalier',  'Thomas',    'thomas.chevalier@univ-lumiere.fr',   5, 'ATER',      '2023-09-01'),
(12, 'Benali',     'Karim',     'karim.benali@univ-lumiere.fr',       1, 'Vacataire', '2024-01-15');

-- etudiants
CREATE TABLE etudiants (
    id INTEGER PRIMARY KEY,
    nom TEXT NOT NULL,
    prenom TEXT NOT NULL,
    email TEXT,
    date_naissance TEXT,
    ville TEXT,
    annee_etude INTEGER,
    boursier INTEGER DEFAULT 0
);

INSERT INTO etudiants (id, nom, prenom, email, date_naissance, ville, annee_etude, boursier) VALUES
(1,  'Martin',     'Lucas',     'lucas.martin@etu.univ-lumiere.fr',      '2004-03-15', 'Paris',       1, 0),
(2,  'Bernard',    'Emma',      'emma.bernard@etu.univ-lumiere.fr',      '2003-07-22', 'Lyon',        2, 1),
(3,  'Dubois',     'Hugo',      'hugo.dubois@etu.univ-lumiere.fr',       '2004-11-08', 'Marseille',   1, 0),
(4,  'Thomas',     'Chloé',     'chloe.thomas@etu.univ-lumiere.fr',      '2002-01-30', 'Toulouse',    3, 1),
(5,  'Robert',     'Nathan',    'nathan.robert@etu.univ-lumiere.fr',     '2003-09-12', 'Nice',        2, 0),
(6,  'Richard',    'Léa',       'lea.richard@etu.univ-lumiere.fr',       '2001-05-25', 'Nantes',      4, 1),
(7,  'Moreau',     'Théo',      'theo.moreau@etu.univ-lumiere.fr',       '2004-08-03', 'Strasbourg',  1, 0),
(8,  'Simon',      'Manon',     'manon.simon@etu.univ-lumiere.fr',       '2003-12-19', 'Montpellier', 2, 1),
(9,  'Laurent',    'Enzo',      'enzo.laurent@etu.univ-lumiere.fr',      '2002-04-07', 'Bordeaux',    3, 0),
(10, 'Leroy',      'Camille',   'camille.leroy@etu.univ-lumiere.fr',     '2001-10-14', 'Lille',       4, 0),
(11, 'Roux',       'Adam',      'adam.roux@etu.univ-lumiere.fr',         '2004-06-28', 'Paris',       1, 1),
(12, 'David',      'Jade',      'jade.david@etu.univ-lumiere.fr',        '2003-02-11', 'Lyon',        2, 0),
(13, 'Bertrand',   'Louis',     'louis.bertrand@etu.univ-lumiere.fr',    '2002-08-05', 'Paris',       3, 1),
(14, 'Fournier',   'Alice',     'alice.fournier@etu.univ-lumiere.fr',    '2001-11-22', 'Marseille',   5, 0),
(15, 'Girard',     'Gabriel',   'gabriel.girard@etu.univ-lumiere.fr',    '2004-01-17', 'Toulouse',    1, 0),
(16, 'Bonnet',     'Louise',    'louise.bonnet@etu.univ-lumiere.fr',     '2003-05-09', 'Nice',        2, 1),
(17, 'Dupont',     'Raphaël',   'raphael.dupont@etu.univ-lumiere.fr',    '2002-09-30', 'Nantes',      3, 0),
(18, 'Lambert',    'Inès',      'ines.lambert@etu.univ-lumiere.fr',      '2001-03-14', 'Strasbourg',  4, 1),
(19, 'Fontaine',   'Maxime',    'maxime.fontaine@etu.univ-lumiere.fr',   '2004-07-21', 'Montpellier', 1, 0),
(20, 'Chevalier',  'Sarah',     'sarah.chevalier@etu.univ-lumiere.fr',   '2003-10-05', 'Bordeaux',    2, 0),
(21, 'Robin',      'Arthur',    'arthur.robin@etu.univ-lumiere.fr',      '2002-12-28', 'Lille',       3, 1),
(22, 'Masson',     'Eva',       'eva.masson@etu.univ-lumiere.fr',        '2001-06-16', 'Paris',       5, 0),
(23, 'Sanchez',    'Liam',      'liam.sanchez@etu.univ-lumiere.fr',      '2004-04-02', 'Lyon',        1, 1),
(24, 'Muller',     'Clara',     'clara.muller@etu.univ-lumiere.fr',      '2003-08-18', 'Marseille',   2, 0),
(25, 'Henry',      'Jules',     'jules.henry@etu.univ-lumiere.fr',       '2002-02-24', 'Toulouse',    3, 0),
(26, 'Noel',       'Zoé',       'zoe.noel@etu.univ-lumiere.fr',          '2001-09-08', 'Nice',        4, 1),
(27, 'Mercier',    'Tom',       'tom.mercier@etu.univ-lumiere.fr',       '2004-05-13', 'Nantes',      1, 0),
(28, 'Picard',     'Lina',      'lina.picard@etu.univ-lumiere.fr',       '2003-11-27', 'Strasbourg',  2, 1),
(29, 'Gauthier',   'Ethan',     'ethan.gauthier@etu.univ-lumiere.fr',    '2002-07-06', 'Montpellier', 3, 0),
(30, 'Perrin',     'Mia',       'mia.perrin@etu.univ-lumiere.fr',        '2001-01-19', 'Bordeaux',    5, 1),
(31, 'Clement',    'Noah',      'noah.clement@etu.univ-lumiere.fr',      '2004-10-31', 'Lille',       1, 0),
(32, 'Dumas',      'Rose',      'rose.dumas@etu.univ-lumiere.fr',        '2003-06-14', 'Paris',       2, 0),
(33, 'Carpentier', 'Paul',      'paul.carpentier@etu.univ-lumiere.fr',   '2002-03-22', 'Lyon',        3, 1),
(34, 'Andre',      'Ambre',     'ambre.andre@etu.univ-lumiere.fr',       '2001-08-09', 'Marseille',   4, 0),
(35, 'Schmitt',    'Léo',       'leo.schmitt@etu.univ-lumiere.fr',       '2000-12-01', 'Paris',       5, 0);

-- cours
CREATE TABLE cours (
    id INTEGER PRIMARY KEY,
    nom TEXT NOT NULL,
    code TEXT NOT NULL,
    departement_id INTEGER,
    professeur_id INTEGER,
    credits INTEGER,
    semestre INTEGER,
    FOREIGN KEY (departement_id) REFERENCES departements(id),
    FOREIGN KEY (professeur_id) REFERENCES professeurs(id)
);

INSERT INTO cours (id, nom, code, departement_id, professeur_id, credits, semestre) VALUES
(1,  'Introduction à la programmation',   'INF101', 1, 1,  6, 1),
(2,  'Bases de données',                  'INF201', 1, 2,  6, 2),
(3,  'Algorithmes et structures',         'INF202', 1, 3,  6, 1),
(4,  'Réseaux informatiques',             'INF301', 1, 1,  4, 2),
(5,  'Analyse mathématique',              'MAT101', 2, 4,  6, 1),
(6,  'Algèbre linéaire',                  'MAT102', 2, 4,  6, 1),
(7,  'Probabilités et statistiques',      'MAT201', 2, 5,  4, 2),
(8,  'Équations différentielles',         'MAT301', 2, 5,  4, 1),
(9,  'Mécanique classique',               'PHY101', 3, 6,  6, 1),
(10, 'Électromagnétisme',                 'PHY201', 3, 6,  6, 2),
(11, 'Physique quantique',                'PHY301', 3, 7,  4, 1),
(12, 'Optique',                           'PHY202', 3, 7,  4, 2),
(13, 'Littérature française',             'LET101', 4, 8,  6, 1),
(14, 'Linguistique générale',             'LET201', 4, 8,  4, 2),
(15, 'Littérature comparée',              'LET301', 4, 9,  4, 1),
(16, 'Sémiologie',                        'LET202', 4, 9,  4, 2),
(17, 'Microéconomie',                     'ECO101', 5, 10, 6, 1),
(18, 'Macroéconomie',                     'ECO102', 5, 10, 6, 1),
(19, 'Économie internationale',           'ECO201', 5, 11, 4, 2),
(20, 'Économétrie',                       'ECO301', 5, 11, 4, 2);

-- inscriptions
CREATE TABLE inscriptions (
    id INTEGER PRIMARY KEY,
    etudiant_id INTEGER NOT NULL,
    cours_id INTEGER NOT NULL,
    annee_universitaire TEXT NOT NULL,
    FOREIGN KEY (etudiant_id) REFERENCES etudiants(id),
    FOREIGN KEY (cours_id) REFERENCES cours(id)
);

INSERT INTO inscriptions (id, etudiant_id, cours_id, annee_universitaire) VALUES
(1,  1,  1,  '2024-2025'),
(2,  1,  5,  '2024-2025'),
(3,  2,  2,  '2024-2025'),
(4,  2,  7,  '2024-2025'),
(5,  3,  1,  '2024-2025'),
(6,  3,  9,  '2024-2025'),
(7,  4,  3,  '2024-2025'),
(8,  4,  8,  '2024-2025'),
(9,  5,  2,  '2024-2025'),
(10, 5,  10, '2024-2025'),
(11, 6,  4,  '2024-2025'),
(12, 6,  15, '2024-2025'),
(13, 7,  1,  '2024-2025'),
(14, 7,  6,  '2024-2025'),
(15, 8,  7,  '2024-2025'),
(16, 8,  13, '2024-2025'),
(17, 9,  3,  '2024-2025'),
(18, 9,  11, '2024-2025'),
(19, 10, 4,  '2024-2025'),
(20, 10, 16, '2024-2025'),
(21, 11, 1,  '2024-2025'),
(22, 11, 17, '2024-2025'),
(23, 12, 2,  '2024-2025'),
(24, 12, 14, '2024-2025'),
(25, 13, 3,  '2024-2025'),
(26, 13, 18, '2024-2025'),
(27, 14, 4,  '2024-2025'),
(28, 14, 20, '2024-2025'),
(29, 15, 1,  '2024-2025'),
(30, 15, 9,  '2024-2025'),
(31, 16, 7,  '2024-2025'),
(32, 16, 10, '2024-2025'),
(33, 17, 3,  '2024-2025'),
(34, 17, 15, '2024-2025'),
(35, 18, 4,  '2024-2025'),
(36, 18, 11, '2024-2025'),
(37, 19, 1,  '2024-2025'),
(38, 19, 5,  '2024-2025'),
(39, 20, 2,  '2024-2025'),
(40, 20, 13, '2024-2025'),
(41, 21, 8,  '2024-2025'),
(42, 21, 3,  '2024-2025'),
(43, 22, 20, '2024-2025'),
(44, 22, 16, '2024-2025'),
(45, 23, 1,  '2024-2025'),
(46, 23, 6,  '2024-2025'),
(47, 24, 10, '2024-2025'),
(48, 24, 7,  '2024-2025'),
(49, 25, 3,  '2024-2025'),
(50, 25, 17, '2024-2025'),
(51, 26, 11, '2024-2025'),
(52, 26, 4,  '2024-2025'),
(53, 27, 1,  '2024-2025'),
(54, 27, 9,  '2024-2025'),
(55, 28, 7,  '2024-2025'),
(56, 28, 14, '2024-2025'),
(57, 29, 3,  '2024-2025'),
(58, 29, 18, '2024-2025'),
(59, 30, 20, '2024-2025'),
(60, 30, 15, '2024-2025');

-- notes
CREATE TABLE notes (
    id INTEGER PRIMARY KEY,
    inscription_id INTEGER NOT NULL,
    type_evaluation TEXT NOT NULL,
    note REAL NOT NULL,
    coefficient REAL NOT NULL,
    date_evaluation TEXT NOT NULL,
    FOREIGN KEY (inscription_id) REFERENCES inscriptions(id)
);

INSERT INTO notes (id, inscription_id, type_evaluation, note, coefficient, date_evaluation) VALUES
(1,   1,  'examen',  14.5, 2.0, '2025-01-15'),
(2,   1,  'partiel', 12.0, 1.0, '2024-11-20'),
(3,   2,  'examen',  11.0, 2.0, '2025-01-17'),
(4,   2,  'tp',       9.5, 1.0, '2024-10-15'),
(5,   3,  'examen',  16.0, 2.0, '2025-01-16'),
(6,   3,  'projet',  17.5, 1.5, '2024-12-10'),
(7,   4,  'examen',  13.0, 2.0, '2025-01-18'),
(8,   4,  'partiel', 10.5, 1.0, '2024-11-22'),
(9,   5,  'examen',   8.5, 2.0, '2025-01-15'),
(10,  5,  'tp',      11.0, 1.0, '2024-10-18'),
(11,  6,  'examen',  15.0, 2.0, '2025-01-20'),
(12,  6,  'partiel', 13.5, 1.0, '2024-11-25'),
(13,  7,  'examen',  17.0, 2.0, '2025-01-14'),
(14,  7,  'projet',  18.0, 1.5, '2024-12-12'),
(15,  8,  'examen',  10.0, 2.0, '2025-01-19'),
(16,  8,  'tp',       7.5, 1.0, '2024-10-20'),
(17,  9,  'examen',  15.5, 2.0, '2025-01-16'),
(18,  9,  'partiel', 14.0, 1.0, '2024-11-21'),
(19, 10,  'examen',  12.0, 2.0, '2025-01-22'),
(20, 10,  'projet',  13.0, 1.5, '2024-12-15'),
(21, 11,  'examen',  16.5, 2.0, '2025-01-14'),
(22, 11,  'tp',      14.0, 1.0, '2024-10-22'),
(23, 12,  'examen',   9.0, 2.0, '2025-01-21'),
(24, 12,  'partiel', 11.5, 1.0, '2024-11-28'),
(25, 13,  'examen',   7.0, 2.0, '2025-01-15'),
(26, 13,  'tp',      10.0, 1.0, '2024-10-14'),
(27, 14,  'examen',  13.5, 2.0, '2025-01-17'),
(28, 14,  'partiel', 12.0, 1.0, '2024-11-19'),
(29, 15,  'examen',  18.0, 2.0, '2025-01-18'),
(30, 15,  'projet',  16.5, 1.5, '2024-12-08'),
(31, 16,  'examen',  11.0, 2.0, '2025-01-20'),
(32, 16,  'tp',      14.5, 1.0, '2024-10-25'),
(33, 17,  'examen',  14.0, 2.0, '2025-01-14'),
(34, 17,  'projet',  15.5, 1.5, '2024-12-11'),
(35, 18,  'examen',   6.5, 2.0, '2025-01-22'),
(36, 18,  'partiel',  8.0, 1.0, '2024-11-27'),
(37, 19,  'examen',  16.0, 2.0, '2025-01-14'),
(38, 19,  'tp',      15.0, 1.0, '2024-10-16'),
(39, 20,  'examen',  12.5, 2.0, '2025-01-21'),
(40, 20,  'projet',  11.0, 1.5, '2024-12-14'),
(41, 21,  'examen',  13.0, 2.0, '2025-01-15'),
(42, 21,  'partiel', 14.5, 1.0, '2024-11-20'),
(43, 22,  'examen',  10.5, 2.0, '2025-01-17'),
(44, 22,  'tp',      12.0, 1.0, '2024-10-21'),
(45, 23,  'examen',  15.0, 2.0, '2025-01-16'),
(46, 23,  'projet',  16.0, 1.5, '2024-12-09'),
(47, 24,  'examen',   9.0, 2.0, '2025-01-18'),
(48, 24,  'partiel',  7.0, 1.0, '2024-11-23'),
(49, 25,  'examen',  17.5, 2.0, '2025-01-14'),
(50, 25,  'tp',      16.0, 1.0, '2024-10-17'),
(51, 26,  'examen',  11.5, 2.0, '2025-01-20'),
(52, 26,  'projet',  13.0, 1.5, '2024-12-13'),
(53, 27,  'examen',  14.0, 2.0, '2025-01-14'),
(54, 27,  'partiel', 12.5, 1.0, '2024-11-18'),
(55, 28,  'examen',   8.0, 2.0, '2025-01-22'),
(56, 28,  'tp',       6.0, 1.0, '2024-10-24'),
(57, 29,  'examen',  16.5, 2.0, '2025-01-15'),
(58, 29,  'partiel', 15.0, 1.0, '2024-11-20'),
(59, 30,  'examen',  10.0, 2.0, '2025-01-17'),
(60, 30,  'projet',  12.5, 1.5, '2024-12-10'),
(61, 31,  'examen',  13.5, 2.0, '2025-01-18'),
(62, 31,  'tp',      11.0, 1.0, '2024-10-19'),
(63, 32,  'examen',  15.0, 2.0, '2025-01-22'),
(64, 32,  'partiel', 14.0, 1.0, '2024-11-26'),
(65, 33,  'examen',  17.0, 2.0, '2025-01-14'),
(66, 33,  'projet',  18.5, 1.5, '2024-12-07'),
(67, 34,  'examen',   7.5, 2.0, '2025-01-21'),
(68, 34,  'tp',       9.0, 1.0, '2024-10-23'),
(69, 35,  'examen',  12.0, 2.0, '2025-01-14'),
(70, 35,  'partiel', 10.0, 1.0, '2024-11-18'),
(71, 36,  'examen',  14.5, 2.0, '2025-01-22'),
(72, 36,  'projet',  13.0, 1.5, '2024-12-16'),
(73, 37,  'examen',  11.0, 2.0, '2025-01-15'),
(74, 37,  'tp',      13.5, 1.0, '2024-10-14'),
(75, 38,  'examen',   9.5, 2.0, '2025-01-17'),
(76, 38,  'partiel', 10.5, 1.0, '2024-11-22'),
(77, 39,  'examen',  16.0, 2.0, '2025-01-16'),
(78, 39,  'projet',  14.5, 1.5, '2024-12-11'),
(79, 40,  'examen',  13.0, 2.0, '2025-01-20'),
(80, 40,  'tp',      15.0, 1.0, '2024-10-28'),
(81, 41,  'examen',  10.0, 2.0, '2025-01-19'),
(82, 41,  'partiel',  8.5, 1.0, '2024-11-24'),
(83, 42,  'examen',  15.5, 2.0, '2025-01-14'),
(84, 42,  'projet',  14.0, 1.5, '2024-12-12'),
(85, 43,  'examen',   7.0, 2.0, '2025-01-22'),
(86, 43,  'tp',       5.5, 1.0, '2024-10-30'),
(87, 44,  'examen',  12.0, 2.0, '2025-01-21'),
(88, 44,  'partiel', 11.0, 1.0, '2024-11-29'),
(89, 45,  'examen',  14.0, 2.0, '2025-01-15'),
(90, 45,  'tp',      12.0, 1.0, '2024-10-15'),
(91, 46,  'examen',  11.5, 2.0, '2025-01-17'),
(92, 46,  'partiel', 10.0, 1.0, '2024-11-20'),
(93, 47,  'examen',  16.0, 2.0, '2025-01-22'),
(94, 47,  'projet',  17.0, 1.5, '2024-12-18'),
(95, 48,  'examen',   8.5, 2.0, '2025-01-18'),
(96, 48,  'tp',       9.0, 1.0, '2024-10-22'),
(97, 49,  'examen',  13.0, 2.0, '2025-01-14'),
(98, 49,  'partiel', 11.5, 1.0, '2024-11-19'),
(99, 50,  'examen',  18.0, 2.0, '2025-01-17'),
(100, 50, 'tp',      16.5, 1.0, '2024-10-16');
